episode,return_mean
88,-25.1777
160,-28.6863
248,-29.7288
360,-31.4219
472,-33.8261
560,-34.106
640,-34.2108
704,-33.8761
760,-32.906
824,-31.7273
896,-31.263
968,-31.5507
1056,-32.2599
1144,-32.5582
1216,-32.518
1296,-32.9122
1376,-32.4087
1448,-32.1438
1512,-32.3895
1584,-33.1409
1672,-33.8816
1736,-33.679
1832,-34.2277
1896,-33.4039
1968,-32.6161
2064,-32.0584
2160,-32.8673
2232,-31.8538
2312,-32.3077
2392,-32.4664
2472,-32.1766
2552,-31.6578
2648,-32.5418
2712,-32.4857
2816,-33.2993
2896,-34.1125
3000,-34.5657
3072,-33.772
3168,-34.0207
3224,-32.066
3264,-29.8778
3320,-28.6103
3384,-28.9456
3456,-28.4047
3544,-30.2695
3624,-31.4178
3720,-33.3002
3832,-33.7991
3928,-34.5128
4000,-33.9397
4104,-34.4023
4200,-33.8783
4264,-32.9285
4344,-32.7378
4416,-32.4792
4488,-32.0827
4552,-31.5029
4616,-32.0294
4704,-31.7265
4792,-32.517
4888,-33.2502
4976,-33.5318
5056,-33.0851
5112,-32.4171
5192,-31.918
5272,-30.8695
5352,-30.8359
5440,-31.1366
5536,-32.4336
5592,-32.0143
5656,-32.8422
5744,-33.2545
5816,-33.1223
5896,-32.5949
5960,-32.7221
6040,-32.6286
6120,-31.9671
6176,-31.1831
6248,-31.3562
6312,-31.5389
6392,-31.5757
6464,-31.8063
6544,-33.0882
6616,-32.9942
6712,-33.247
6800,-33.1764
6872,-33.8778
6936,-33.9461
6992,-33.5902
7072,-33.5235
7120,-32.3291
7168,-30.7391
7224,-29.63
7296,-30.178
7368,-29.9377
7456,-31.6329
7512,-32.0012
7584,-32.5429
7656,-32.1125
7720,-32.2875
7792,-31.5274
7856,-32.3021
7920,-32.3933
7984,-32.5026
8040,-31.8093
8104,-31.1855
8152,-29.5706
8216,-29.8732
8280,-30.2029
8352,-31.2791
8424,-31.8792
8488,-33.311
8568,-33.5065
8624,-33.6066
8680,-32.8296
8760,-33.3154
8840,-33.7475
8904,-33.5681
8960,-32.8845
9016,-33.6042
9080,-33.0766
9152,-33.2647
9208,-32.2996
9264,-32.5461
9320,-32.0618
9376,-31.8643
9424,-30.5992
9480,-31.0939
9536,-30.6425
9584,-29.829
9648,-30.7036
9712,-31.2213
9768,-31.6237
9832,-32.5732
9872,-32.9166
9928,-32.673
9984,-32.1568
10032,-31.4864
10096,-31.7621
10184,-32.9189
10240,-32.3206
10296,-33.0694
10360,-33.5521
10408,-32.58
10456,-30.8817
10504,-30.2418
10560,-29.7092
10608,-28.8142
10664,-29.1252
10712,-29.6473
10768,-29.7294
10808,-28.4918
10856,-28.2049
10904,-28.2402
10968,-28.9304
11024,-29.0391
11088,-30.5746
11136,-30.1797
11192,-30.3641
11240,-29.1028
11312,-29.2575
11368,-29.8201
11432,-30.9234
11488,-30.243
11544,-30.9777
11600,-31.3348
11656,-30.3937
11696,-30.2658
11744,-30.5622
11792,-30.5552
11840,-31.3461
11896,-31.2104
11944,-30.6661
11984,-29.4886
12048,-29.5594
12096,-27.9298
12144,-27.356
12192,-26.9852
12232,-27.0815
12288,-26.8971
12336,-26.2449
12392,-26.7318
12440,-27.1649
12488,-28.087
12552,-28.4941
12600,-28.98
12656,-28.7945
12704,-29.1648
12768,-29.1822
12832,-29.2762
12888,-29.724
12944,-30.3967
13000,-30.7706
13040,-29.9873
13080,-28.6272
13136,-28.696
13184,-27.9874
13232,-27.2098
13272,-26.9661
13320,-26.6626
13376,-26.8202
13424,-26.6153
13472,-26.2698
13528,-27.7287
13584,-29.0155
13640,-29.2781
13680,-28.772
13728,-29.0803
13776,-27.7886
13824,-27.6168
13880,-27.7788
13936,-28.44
13992,-29.4725
14040,-30.3021
14088,-30.5269
14136,-29.6389
14184,-29.5863
14232,-28.8222
14280,-29.6598
14336,-29.6242
14376,-29.8321
14424,-30.1265
14472,-30.2533
14520,-29.9135
14568,-29.8474
14616,-29.9998
14648,-28.1856
14688,-27.6641
14736,-27.1829
14784,-26.0337
14832,-25.9816
14880,-27.0424
14928,-27.6865
14968,-26.6263
15016,-26.7468
15064,-27.2165
15112,-28.3082
15152,-26.8815
15208,-27.3552
15272,-28.3906
15328,-28.3023
15384,-28.2342
15432,-30.1284
15472,-29.8068
15512,-28.4041
15552,-26.9117
15600,-26.453
15640,-25.808
15680,-26.6374
15720,-26.834
15760,-27.4578
15800,-26.8974
15840,-26.5122
15880,-25.8337
15912,-26.0144
15944,-24.3365
15976,-24.32
16008,-22.1303
16040,-20.3265
16080,-20.9322
16112,-20.3569
16152,-20.376
16192,-24.5241
16232,-27.146
16272,-27.0316
16312,-29.7012
16352,-31.2336
16384,-28.0145
16416,-27.2485
16448,-26.2664
16480,-25.3472
16520,-23.5423
16560,-25.2637
16600,-25.0271
16640,-25.8217
16672,-26.4044
16704,-27.296
16736,-27.24
16776,-26.7998
16816,-26.9331
16856,-27.2596
16888,-26.4176
16920,-25.4322
16960,-26.3125
17000,-27.5166
17040,-26.4736
17080,-27.1338
17120,-28.0591
17152,-26.9469
17192,-25.802
17224,-25.938
17256,-24.4406
17304,-24.9751
17344,-25.2468
17384,-24.7603
17424,-24.1343
17464,-24.9087
17496,-22.5192
17544,-23.6494
17576,-23.092
17608,-23.1567
17648,-22.393
17688,-24.7033
17728,-23.3089
17768,-24.6528
17808,-25.7364
17848,-27.1158
17896,-26.1825
17944,-28.9179
17984,-28.8401
18024,-29.0639
18064,-30.0939
18104,-31.4327
18144,-28.5507
18184,-27.8153
18224,-28.0534
18256,-25.8861
18296,-24.5582
18328,-24.0209
18360,-23.5665
18408,-23.6991
18440,-24.4512
18488,-25.0085
18528,-25.7878
18568,-25.8917
18600,-24.1731
18640,-23.9464
18680,-23.9928
18720,-24.7878
18752,-25.1857
18792,-25.8198
18824,-24.7799
18864,-24.9444
18904,-26.6366
18944,-27.2486
18992,-28.6515
19032,-30.4047
19064,-29.988
19104,-28.3078
19144,-28.2973
19192,-27.8186
19232,-27.0327
19272,-27.5761
19312,-28.0802
19344,-26.7349
19384,-26.8492
19424,-26.5114
19464,-26.0121
19504,-25.8147
19536,-25.7801
19568,-24.523
19608,-25.4821
19656,-25.6796
19696,-25.415
19736,-27.4516
19784,-29.5552
19824,-29.4557
19864,-31.0317
19904,-30.9218
19944,-30.5863
19984,-29.1372
20016,-29.2283
20056,-27.7594
20096,-29.4285
20136,-28.3737
20176,-27.402
20216,-27.5241
20248,-25.2904
20288,-22.5324
20320,-21.365
20360,-22.437
20408,-22.4343
20440,-23.1686
20472,-23.5157
20504,-23.5296
20536,-21.1008
20576,-21.3977
20608,-21.1928
20640,-20.4788
20672,-20.3827
20712,-22.9582
20744,-20.3773
20784,-22.7176
20816,-22.5067
20840,-21.5406
20872,-20.665
20904,-23.335
20936,-21.2098
20968,-22.4445
20992,-24.7483
21024,-24.3318
21056,-23.6017
21088,-22.8112
21120,-21.5484
21152,-20.5749
21184,-21.3397
21216,-19.471
21248,-19.6061
21280,-19.1645
21312,-18.8158
21344,-18.3675
21392,-21.2921
21424,-23.6663
21456,-23.5965
21488,-23.4361
21520,-23.2882
21552,-20.6412
21600,-20.7293
21640,-22.6717
21672,-24.1914
21704,-23.5297
21736,-23.3216
21768,-21.6076
21800,-21.6975
21840,-22.0487
21872,-22.4237
21904,-22.4129
21936,-21.3486
21960,-19.5239
21992,-17.7252
22024,-17.5882
22056,-19.3448
22096,-23.4248
22128,-26.2266
22160,-26.5331
22192,-26.4949
22224,-25.1392
22256,-21.9313
22296,-20.468
22328,-21.9109
22360,-21.5283
22392,-22.9604
22432,-24.4673
22456,-22.0634
22488,-21.051
22528,-23.2917
22560,-22.7801
22592,-19.4116
22624,-20.0573
22656,-18.6303
22688,-16.0422
22728,-16.987
22760,-17.6918
22792,-20.1037
22832,-22.5326
22864,-24.2624
22896,-22.0148
22928,-23.9429
22968,-22.7216
23008,-22.7199
23040,-22.5015
23080,-24.4837
23112,-25.2899
23144,-24.9294
23176,-23.4638
23208,-23.9955
23248,-24.8476
23288,-24.0605
23320,-25.1976
23360,-25.8333
23400,-26.7734
23440,-26.2329
23472,-26.1861
23512,-26.8624
23552,-27.6024
23592,-26.9874
23624,-25.5827
23656,-25.9628
23688,-26.1147
23728,-27.2826
23768,-29.0755
23800,-31.1547
23832,-30.6795
23864,-29.025
23896,-27.7766
23928,-23.6569
23960,-21.6905
23992,-20.9163
24024,-22.5653
24056,-22.4631
24088,-24.8786
24120,-24.8981
24152,-24.8045
24184,-22.6637
24216,-21.3427
24248,-19.1657
24288,-19.5706
24320,-18.7462
24352,-20.1844
24384,-20.4771
24408,-18.7041
24440,-19.3819
24472,-20.8861
24496,-19.1846
24536,-19.2655
24568,-21.2078
24600,-19.9402
24632,-20.6241
24664,-22.1915
24696,-22.2179
24728,-22.9845
24760,-22.1578
24792,-22.7823
24832,-24.1213
24864,-23.7392
24896,-24.5909
24928,-25.0412
24960,-22.6054
25000,-21.6259
25040,-23.6498
25080,-23.3455
25112,-24.8799
25144,-25.2213
25176,-23.9053
25216,-23.8154
25248,-23.026
25288,-23.5183
25320,-24.5206
25360,-26.0537
25392,-23.372
25424,-23.4101
25464,-23.0234
25504,-24.3895
25536,-24.9815
25568,-26.0478
25608,-27.0541
25648,-25.4108
25680,-22.3248
25712,-20.2575
25744,-20.323
25776,-19.5793
25816,-20.9711
25848,-21.3582
25888,-24.4639
25920,-24.3212
25952,-23.7653
25992,-23.4152
26040,-26.197
26080,-25.7151
26112,-26.7396
26152,-28.9293
26192,-29.2656
26232,-28.0266
26264,-26.0437
26296,-24.9488
26336,-24.3801
26368,-21.689
26400,-20.5316
26432,-20.7384
26464,-21.3437
26496,-19.541
26520,-20.3298
26552,-21.8017
26584,-20.7474
26616,-19.7186
26648,-20.3696
26680,-20.0586
26712,-17.9478
26744,-18.0763
26784,-19.175
26824,-20.996
26856,-22.683
26888,-25.3142
26920,-24.9741
26952,-24.3975
26992,-23.5141
27024,-24.545
27056,-23.4059
27088,-25.2892
27120,-23.4609
27152,-21.642
27184,-20.4764
27216,-20.843
27240,-17.6072
27280,-19.7844
27320,-21.0608
27352,-21.4328
27384,-19.1872
27416,-21.2589
27448,-21.5936
27480,-20.3562
27512,-18.6785
27544,-19.6404
27576,-18.7178
27608,-17.8053
27640,-17.6271
27672,-18.096
27704,-17.7228
27744,-18.831
27784,-19.6644
27816,-21.0983
27848,-22.1209
27880,-23.3154
27912,-23.3112
27944,-21.1703
27976,-20.0992
28008,-19.3493
28040,-19.7084
28072,-19.3661
28104,-20.908
28136,-20.7537
28168,-19.7726
28200,-16.9789
28232,-15.4308
28264,-14.8971
28296,-14.0545
28328,-13.4055
28360,-14.2641
28392,-15.5538
28424,-14.672
28456,-15.2522
28488,-14.6328
28520,-14.5846
28552,-13.6517
28584,-14.0668
28616,-14.4345
28648,-16.0719
28680,-16.4396
28704,-13.9222
28736,-12.6513
28768,-12.2516
28792,-10.4701
28824,-11.0048
28856,-13.577
28888,-14.5741
28912,-13.6328
28936,-13.9781
28968,-14.4705
28992,-13.135
29016,-13.5225
29048,-14.4964
29080,-15.9529
29112,-14.8147
29144,-17.1946
29176,-16.2124
29200,-14.2842
29224,-12.2942
29256,-10.8274
29288,-9.2049
29320,-9.9389
29352,-11.7107
29376,-12.2125
29400,-12.8258
29424,-12.7197
29448,-12.429
29480,-11.4925
29512,-12.1169
29544,-11.5889
29576,-12.3027
29608,-12.4729
29640,-12.6084
29672,-13.2213
29696,-12.9279
29728,-12.7572
29752,-11.1201
29784,-12.154
29816,-11.4659
29848,-13.1499
29872,-12.7476
29904,-14.7054
29936,-14.2963
29960,-14.5654
29992,-14.4515
30024,-15.7406
30056,-15.5948
30080,-14.4187
30104,-13.9269
30136,-14.975
30160,-14.054
30192,-13.7649
30216,-14.0772
30240,-12.8452
30272,-10.792
30304,-11.3775
30336,-12.2296
30368,-14.7594
30400,-16.9836
30424,-16.3069
30448,-15.9976
30480,-15.8896
30512,-14.1041
30536,-14.1104
30560,-13.8082
30592,-13.9778
30616,-12.731
30640,-11.8372
30664,-10.1864
30688,-10.577
30712,-8.6153
30744,-8.9271
30776,-11.1072
30808,-14.2571
30840,-16.2884
30864,-16.8833
30896,-18.354
30928,-17.9621
30952,-16.1176
30976,-15.0212
31008,-18.771
31032,-17.4788
31056,-14.5451
31080,-13.9572
31104,-15.7144
31136,-12.556
31160,-11.9861
31184,-13.2107
31216,-14.188
31240,-11.6608
31264,-10.8901
31288,-9.4866
31312,-8.7908
31336,-7.2177
31368,-8.2727
31400,-9.6297
31432,-12.5615
31456,-13.1695
31480,-13.1534
31504,-11.5409
31536,-12.8886
31568,-13.9232
31600,-15.0981
31632,-16.1723
31664,-17.0957
31688,-14.0763
31720,-12.8421
31752,-12.5841
31784,-12.7553
31816,-14.9422
31848,-17.2183
31880,-16.0768
31912,-16.6728
31944,-17.4503
31968,-14.6887
31992,-13.3725
32024,-13.5788
32048,-12.3823
32080,-10.642
32104,-10.8086
32128,-9.4952
32152,-7.6742
32176,-7.0117
32200,-6.7756
32224,-5.7649
32248,-7.1807
32272,-8.5326
32296,-8.7954
32328,-11.1822
32352,-11.9721
32384,-13.2419
32408,-15.4766
32432,-16.3087
32456,-13.2256
32480,-13.8215
32504,-11.3499
32528,-8.9551
32552,-7.0735
32584,-10.9056
32616,-10.5566
32648,-12.7148
32672,-14.264
32696,-14.425
32728,-12.7879
32760,-13.1853
32792,-12.3913
32824,-13.3624
32856,-15.1357
32888,-14.6407
32920,-15.2394
32952,-15.5529
32976,-13.6322
33008,-15.0661
33040,-14.807
33064,-14.8989
33088,-13.3062
33120,-12.908
33144,-11.5724
33168,-10.44
33192,-10.001
33224,-11.1196
33256,-11.825
33288,-12.8147
33320,-15.7004
33352,-15.6687
33384,-16.3276
33416,-17.4868
33448,-17.8781
33480,-19.1219
33512,-19.2399
33544,-18.2399
33576,-19.0711
33608,-19.2824
33640,-16.2682
33672,-17.2191
33704,-18.8944
33736,-16.4438
33768,-15.2347
33800,-15.5831
33832,-14.0958
33864,-13.8349
33888,-13.2106
33912,-12.4637
33936,-11.4927
33960,-12.2939
33992,-11.5749
34024,-12.8577
34056,-13.5325
34088,-14.8066
34120,-17.2295
34152,-18.0886
34184,-17.7028
34216,-18.3907
34248,-18.3747
34280,-15.0686
34304,-13.5493
34328,-11.4082
34360,-11.8481
34384,-10.9367
34416,-12.509
34448,-13.1977
34480,-17.0974
34512,-15.8552
34544,-17.4408
34568,-16.6467
34600,-17.6857
34632,-17.2982
34656,-17.6317
34680,-17.1209
34712,-16.6548
34744,-15.3768
34776,-13.9497
34800,-13.6863
34832,-13.3855
34856,-13.1601
34888,-13.4979
34920,-14.5984
34952,-15.0562
34984,-13.7106
35016,-14.0785
35040,-13.0236
35072,-12.5941
35096,-11.1723
35120,-11.3826
35152,-11.8615
35176,-13.3763
35200,-13.5495
35232,-13.5249
35256,-13.7558
35280,-11.9796
35312,-11.8929
35336,-10.9163
35368,-10.8143
35400,-12.1895
35424,-12.7646
35448,-11.2673
35480,-11.4112
35504,-9.7704
35528,-7.7786
35560,-9.1492
35592,-11.4543
35624,-12.8338
35656,-16.3826
35680,-16.9908
35712,-16.2683
35744,-15.8557
35768,-12.8863
35792,-11.6436
35824,-13.4733
35848,-13.6565
35872,-11.8442
35896,-12.2031
35928,-12.3729
35960,-10.8602
35992,-11.6493
36016,-10.1688
36040,-11.1243
36072,-11.5899
36096,-10.1132
36120,-7.5046
36152,-10.5148
36184,-10.8122
36216,-11.2788
36248,-13.3668
36280,-16.1937
36312,-16.5971
36344,-17.6984
36376,-16.0626
36408,-16.2292
36440,-15.4597
36472,-14.8035
36504,-13.7019
36528,-13.994
36560,-14.3524
36584,-14.3748
36616,-14.3866
36648,-15.3532
36680,-14.9726
36712,-15.6514
36744,-16.7177
36776,-16.5479
36808,-18.3732
36832,-18.9146
36864,-19.3753
36888,-18.0306
36920,-17.7927
36952,-16.1533
36984,-16.8606
37008,-14.5248
37040,-14.5812
37072,-13.8051
37104,-12.3291
37128,-11.1466
37152,-10.6988
37176,-10.5882
37208,-11.0379
37232,-10.9931
37256,-10.5846
37288,-12.5869
37312,-12.6334
37344,-12.4328
37368,-11.4097
37400,-12.5939
37432,-12.6741
37464,-13.1266
37496,-13.3236
37528,-16.025
37560,-15.1679
37592,-14.1791
37624,-13.4047
37656,-15.6867
37680,-15.4255
37712,-18.5034
37744,-19.3125
37768,-19.3264
37800,-19.0272
37832,-18.5984
37864,-17.3441
37896,-18.4117
37928,-21.1501
37960,-20.7906
38000,-21.8608
38032,-20.9069
38056,-18.5947
38080,-15.3257
38112,-14.5066
38144,-14.5708
38176,-14.7533
38208,-16.3761
38232,-17.7689
38264,-18.4528
38288,-16.6384
38312,-15.1818
38336,-13.3675
38360,-13.2733
38392,-13.5352
38416,-13.0359
38440,-13.9523
38472,-15.1362
38496,-16.3409
38528,-15.7928
38560,-16.2327
38592,-17.6461
38624,-19.2568
38648,-17.5365
38680,-18.4084
38712,-20.4262
38736,-19.0911
38768,-17.1919
38800,-17.7501
38832,-16.6427
38856,-15.5388
38888,-16.0138
38920,-15.2367
38944,-14.9151
38976,-16.1584
39000,-15.1583
39032,-16.7795
39064,-17.6115
39088,-17.4921
39120,-16.7764
39152,-17.6075
39176,-13.7891
39200,-13.8032
39232,-14.6465
39264,-15.2665
39288,-13.7584
39312,-14.706
39344,-14.2906
39368,-14.3289
39392,-11.6628
39424,-11.9707
39448,-11.1906
39480,-11.5659
39504,-10.371
39536,-11.2968
39560,-12.3681
39584,-13.7666
39608,-12.5083
39632,-12.9841
39656,-12.3226
39680,-12.2487
39712,-13.119
39744,-14.8053
39776,-15.9488
39808,-17.1279
39840,-16.711
39872,-15.6208
39904,-14.639
39936,-13.6354
39960,-12.0238
39992,-14.2024
40024,-14.3892
40056,-13.4752
40080,-12.6126
40112,-14.0955
40144,-11.5358
40176,-12.776
40216,-14.9895
40248,-15.5982
40280,-17.2543
40320,-18.8234
40352,-19.5078
40384,-17.9032
40416,-17.9522
40448,-14.7927
40480,-14.5224
40520,-14.2801
40552,-15.3951
40584,-17.0598
40616,-19.7899
40648,-21.0173
40680,-20.0614
40712,-21.0562
40752,-21.5734
40784,-22.1228
40816,-21.8344
40848,-22.1138
40888,-23.3688
40920,-21.0646
40952,-20.645
40984,-20.4906
41016,-20.9526
41048,-19.3346
41088,-21.1341
41120,-20.6007
41160,-21.3553
41208,-23.095
41248,-25.1651
41288,-26.0133
41328,-28.0509
41368,-27.6039
41400,-25.1144
41432,-23.5795
41464,-22.8429
41504,-22.4963
41536,-22.7073
41584,-25.4856
41616,-25.4979
41664,-27.1363
41704,-25.2239
41736,-24.6516
41776,-24.248
41816,-25.91
41848,-24.8739
41888,-26.3073
41920,-25.6791
41960,-23.9314
42000,-23.0179
42040,-22.5757
42072,-21.6711
42112,-22.99
42144,-21.5984
42176,-20.312
42216,-19.7377
42256,-20.3391
42296,-20.6173
42336,-22.9105
42376,-23.9805
42408,-24.6596
42440,-23.8881
42472,-22.189
42504,-22.0952
42536,-22.2767
42568,-22.172
42600,-21.1872
42632,-21.5731
42664,-19.7144
42704,-18.3041
42744,-18.6968
42776,-19.0432
42808,-18.0411
42848,-19.7734
42880,-20.3229
42912,-19.1545
42944,-19.3329
42984,-21.8228
43016,-20.6506
43056,-20.4591
43088,-20.6392
43120,-20.4555
43152,-18.2691
43192,-19.3283
43224,-19.6256
43256,-20.359
43288,-21.4627
43320,-22.2391
43360,-23.2839
43392,-21.6559
43424,-20.6251
43456,-19.0829
43488,-19.4365
43520,-16.3992
43552,-17.4608
43584,-16.3984
43624,-17.0028
43656,-15.9952
43688,-16.8575
43720,-15.9979
43752,-16.9753
43784,-17.2318
43816,-17.0685
43848,-15.6398
43880,-16.5059
43912,-15.6388
43944,-14.4885
43976,-14.4034
44008,-16.3242
44032,-14.66
44064,-15.9091
44096,-16.5627
44120,-14.6373
44152,-13.8094
44184,-15.8828
44216,-14.6713
44248,-14.5026
44280,-16.1743
44304,-15.7666
44336,-14.0787
44368,-13.5738
44392,-12.9308
44424,-13.4079
44456,-14.1177
44488,-13.7941
44520,-13.8152
44552,-15.2486
44576,-14.1251
44608,-14.1189
44640,-15.1656
44672,-17.0299
44704,-16.3018
44736,-20.1626
44776,-22.3774
44816,-23.2786
44848,-23.6396
44872,-21.9627
44904,-19.4556
44936,-18.2987
44968,-16.4526
45000,-13.7378
45032,-15.7695
45064,-14.6569
45096,-15.6111
45128,-16.7767
45160,-18.5296
45200,-19.3063
45232,-21.0638
45272,-20.0109
45304,-21.0211
45344,-22.0202
45384,-22.548
45424,-22.9475
45456,-21.5955
45488,-20.3025
45520,-19.0828
45552,-18.5667
45584,-18.266
45616,-18.5281
45648,-17.9471
45680,-17.495
45712,-16.7471
45744,-16.9473
45776,-16.4844
45808,-16.6213
45840,-17.5426
45864,-15.0569
45888,-12.8271
45912,-12.3029
45936,-9.4365
45968,-9.6798
46000,-10.7865
46024,-10.1056
46056,-13.6513
46080,-15.6557
46112,-15.0498
46144,-15.7204
46176,-16.7731
46200,-12.7334
46232,-14.5044
46264,-13.1753
46296,-14.3865
46328,-15.1979
46360,-18.179
46392,-18.3248
46424,-20.1548
46456,-18.6173
46488,-19.0826
46520,-19.6868
46552,-18.78
46584,-19.5749
46616,-20.5489
46648,-20.5529
46680,-19.4165
46712,-19.4452
46744,-19.0732
46776,-19.1666
46808,-18.1333
46840,-16.5995
46872,-16.579
46904,-15.0735
46936,-13.4504
46968,-13.2138
47000,-13.7316
47024,-11.82
47048,-11.8987
47080,-13.1332
47112,-14.2454
47144,-13.6789
47176,-15.9618
47208,-15.6788
47232,-15.0348
47264,-15.9654
47296,-15.4142
47320,-14.2638
47352,-14.5329
47384,-15.8904
47416,-16.4739
47448,-17.1592
47480,-17.4794
47512,-18.5815
47536,-16.3819
47568,-13.2371
47600,-12.9697
47632,-14.4884
47656,-12.5394
47688,-13.4038
47712,-11.9443
47744,-11.5691
47768,-9.1171
47800,-10.4427
47824,-8.496
47848,-9.7412
47872,-9.3431
47904,-10.4121
47936,-11.5091
47968,-15.1749
48000,-15.151
48032,-16.0672
48064,-16.6249
48096,-13.7441
48128,-14.1809
48152,-16.027
48184,-17.419
48216,-17.9899
48248,-19.1986
48280,-17.9511
48312,-16.9402
48352,-18.2211
48384,-18.7747
48424,-19.8293
48456,-19.7264
48488,-20.3525
48520,-18.8186
48552,-19.0637
48584,-19.8733
48616,-19.9418
48648,-20.1163
48680,-19.0976
48712,-17.4771
48744,-14.9794
48776,-14.5354
48808,-15.0728
48840,-16.0048
48872,-15.7594
48904,-16.3821
48944,-17.7961
48976,-17.6031
49008,-19.7743
49040,-22.1632
49072,-22.899
49096,-19.5558
49128,-21.569
49160,-19.6142
49192,-17.6412
49224,-19.1777
49256,-20.9816
49288,-18.7311
49312,-17.7832
49344,-18.0455
49376,-16.5012
49408,-16.4355
49440,-15.9636
49472,-16.853
49504,-15.5374
49528,-15.4312
49560,-15.4247
49584,-13.889
49616,-13.0982
49640,-13.6711
49672,-13.1511
49704,-13.9948
49736,-16.9764
49768,-17.5629
49800,-19.0621
49832,-19.2479
49864,-19.573
49896,-19.9098
49928,-19.8832
49960,-18.2062
49992,-19.0167
50024,-19.2722
50056,-16.8572
50080,-15.3499
50104,-14.9491
50136,-13.9307
50168,-12.8049
50200,-13.512
50232,-15.451
50264,-17.0834
50296,-17.8979
50328,-18.3997
50360,-19.9451
50392,-21.4459
50424,-22.1758
50456,-24.6078
50488,-25.9677
50520,-25.015
50552,-24.8392
50584,-24.2266
50616,-21.9028
50656,-21.5591
50688,-21.2831
50720,-18.5849
50752,-17.6863
50784,-16.9265
50816,-17.5097
50848,-17.7871
50880,-18.1877
50904,-17.68
50936,-17.262
50968,-16.3359
51000,-16.0425
51032,-16.7103
51064,-17.8922
51096,-19.6296
51128,-19.826
51160,-20.0997
51192,-19.6367
51224,-19.6581
51256,-19.37
51288,-18.2899
51320,-20.8479
51352,-20.4542
51384,-18.8416
51416,-17.2256
51440,-15.5056
51472,-12.7361
51504,-12.4439
51536,-13.0304
51568,-13.2598
51600,-14.6043
51624,-13.0725
51656,-13.7569
51688,-14.5176
51720,-14.614
51752,-14.6791
51776,-14.9591
51808,-15.1917
51840,-14.9751
51872,-15.1626
51896,-12.95
51928,-13.3215
51960,-12.3936
51992,-11.4083
52024,-13.5136
52056,-15.603
52088,-18.51
52120,-18.8685
52144,-18.5429
52168,-16.1325
52200,-17.3133
52232,-14.8849
52264,-14.9925
52296,-15.3002
52328,-15.5947
52352,-12.3189
52384,-11.7873
52408,-11.7661
52440,-12.514
52472,-12.8694
52496,-14.7518
52528,-15.989
52552,-15.6025
52584,-16.1919
52616,-15.2463
52640,-14.5535
52664,-11.9059
52688,-10.3655
52712,-8.2709
52736,-8.4173
52768,-9.0942
52792,-8.6416
52816,-8.8728
52848,-10.0025
52880,-10.1712
52912,-9.571
52944,-11.8901
52976,-14.4366
53008,-14.3824
53040,-15.2694
53072,-16.2861
53104,-16.7502
53136,-17.045
53160,-16.6614
53192,-17.3403
53216,-16.2304
53248,-16.2983
53280,-15.2451
53304,-15.6668
53328,-12.3643
53352,-12.165
53384,-11.7138
53408,-10.3612
53440,-9.437
53464,-11.2458
53496,-12.0515
53528,-12.6324
53560,-13.5108
53592,-16.7799
53624,-16.537
53656,-18.6826
53688,-19.2953
53720,-18.6315
53752,-18.0671
53784,-18.706
53816,-15.9608
53848,-14.4422
53880,-17.0699
53904,-13.8501
53928,-13.9309
53960,-14.049
53992,-13.6584
54016,-11.1003
54048,-13.0345
54080,-11.2698
54104,-10.6322
54136,-11.1169
54160,-10.265
54192,-9.9541
54216,-10.2092
54240,-8.3556
54264,-7.5654
54288,-9.1743
54312,-8.4676
54344,-9.8115
54368,-11.0716
54400,-12.3662
54432,-12.1801
54464,-12.4494
54496,-12.7242
54528,-15.1815
54560,-14.633
54592,-15.2381
54616,-14.6805
54640,-13.6015
54672,-12.5163
54696,-10.332
54728,-9.6985
54760,-11.5009
54784,-11.7904
54816,-13.2923
54840,-13.8966
54872,-14.4572
54904,-15.4451
54936,-15.8469
54968,-14.4941
54992,-15.3132
55016,-14.2526
55040,-11.7472
55072,-10.8179
55104,-11.3466
55136,-11.3343
55168,-11.5634
55200,-11.7864
55232,-13.0445
55264,-13.9959
55296,-15.2035
55328,-16.6179
55360,-19.0585
55392,-18.4207
55424,-18.5289
55456,-18.983
55488,-19.3041
55520,-17.5963
55552,-18.7203
55584,-19.2152
55616,-19.2725
55648,-19.7665
55680,-22.2537
55712,-21.9813
55744,-20.9975
55768,-19.8006
55800,-19.4759
55832,-17.3406
55864,-17.5062
55896,-16.2482
55928,-16.1608
55952,-13.7602
55976,-11.6985
56008,-10.579
56040,-10.8971
56064,-9.8825
56088,-9.4551
56112,-9.928
56144,-11.7794
56176,-12.5471
56200,-13.1567
56232,-16.301
56264,-18.1113
56296,-15.9812
56328,-15.8093
56360,-15.8562
56384,-13.7535
56416,-12.2966
56448,-15.287
56480,-15.131
56512,-15.7955
56544,-17.6366
56576,-18.8092
56600,-15.3194
56624,-13.4972
56648,-14.7658
56672,-12.9136
56704,-11.3771
56728,-11.1403
56752,-10.3551
56776,-9.2687
56800,-8.0967
56832,-8.9586
56864,-9.5182
56896,-11.4461
56920,-10.3338
56944,-10.9166
56976,-11.0364
57008,-12.9678
57040,-13.2392
57072,-14.904
57104,-17.2093
57136,-18.3255
57168,-17.6695
57200,-17.875
57224,-15.3076
57248,-13.2554
57272,-10.5417
57296,-8.6255
57328,-7.8672
57352,-8.3043
57384,-10.7487
57416,-12.6872
57448,-15.285
57480,-17.083
57512,-19.855
57536,-17.3251
57568,-17.6562
57600,-17.4254
57632,-17.0579
57664,-17.1848
57688,-17.5405
57712,-15.5589
57744,-16.1167
57776,-16.8701
57808,-16.8096
57840,-19.1321
57872,-21.2408
57904,-19.6056
57936,-19.3385
57968,-18.7874
58000,-18.218
58024,-17.7809
58056,-17.7799
58080,-16.7864
58112,-16.3609
58144,-15.7351
58168,-15.743
58192,-15.3843
58216,-14.0066
58240,-13.3789
58264,-11.7996
58288,-10.6987
58320,-12.0587
58352,-13.5347
58384,-14.3774
58416,-15.3197
58440,-16.7426
58472,-15.6918
58496,-14.9357
58528,-13.9247
58552,-15.465
58584,-15.4977
58616,-16.7936
58648,-18.0068
58680,-18.8359
58712,-17.2209
58744,-17.9024
58776,-17.8806
58808,-16.8459
58832,-16.2273
58864,-16.4755
58896,-15.2673
58920,-12.4236
58952,-11.7547
58976,-12.2909
59008,-11.98
59032,-12.1249
59056,-13.5249
59088,-14.9015
59120,-15.9668
59152,-16.5091
59184,-17.5535
59216,-20.2792
59240,-22.8559
59272,-22.4508
59296,-21.9646
59328,-20.1966
59360,-19.4196
59392,-16.4673
59424,-16.4219
59456,-17.5954
59480,-17.3502
59512,-16.4847
59536,-15.6647
59568,-15.1982
59600,-13.6218
59624,-13.2803
59656,-12.013
59680,-11.9165
59712,-11.1993
59744,-13.7661
59776,-15.3278
59808,-15.0384
59832,-16.7026
59864,-17.1644
59888,-15.1352
59920,-15.0195
59952,-14.8156
59984,-14.6157
60008,-13.6875
60040,-16.8559
60064,-17.3039
60096,-17.2595
60120,-14.833
60152,-16.312
60176,-11.6184
60208,-11.5874
60232,-12.7663
60264,-16.2731
60296,-17.1745
60320,-18.1239
60352,-18.2805
60384,-19.5591
60416,-17.6364
60440,-15.0745
60464,-14.2659
60488,-13.6853
60512,-11.1999
60544,-12.1614
60568,-11.7579
60592,-11.9905
60624,-10.5499
60648,-10.5377
60680,-11.0985
60712,-13.8155
60744,-16.2992
60776,-18.7678
60800,-19.7846
60832,-17.7188
60856,-16.3341
60880,-13.6879
60904,-10.7934
60928,-10.8871
60952,-9.7592
60976,-10.4358
61008,-12.0728
61032,-13.3384
61064,-13.5077
61088,-14.8464
61120,-15.6369
61144,-16.7055
61176,-16.6985
61208,-17.2928
61232,-17.3938
61264,-15.8145
61296,-14.6168
61320,-13.4827
61352,-12.7126
61384,-14.7409
61416,-14.8159
61448,-15.5737
61472,-17.5221
61496,-16.4803
61520,-13.5692
61552,-12.3296
61584,-10.8754
61616,-10.1176
61640,-9.2369
61664,-9.5326
61688,-9.6667
61712,-9.6037
61744,-8.8215
61776,-11.3585
61808,-12.8832
61832,-13.4115
61856,-13.515
61880,-13.3411
61912,-12.5992
61944,-12.5
61976,-12.7985
62008,-13.715
62040,-15.9072
62072,-16.152
62104,-15.4528
62136,-16.0371
62168,-16.4386
62200,-15.8325
62232,-16.2018
62264,-16.9925
62296,-17.5198
62328,-16.3438
62360,-15.9769
62392,-16.7855
62424,-17.9169
62456,-18.6212
62488,-20.7927
62520,-22.9729
62552,-22.688
62584,-23.4692
62616,-21.1815
62648,-18.7041
62680,-16.9374
62712,-16.5033
62736,-12.6971
62760,-10.7391
62784,-10.198
62816,-9.3537
62840,-8.6805
62864,-8.556
62896,-11.8342
62928,-14.2392
62960,-15.2006
62992,-14.7227
63024,-15.4163
63056,-15.2283
63088,-14.9383
63120,-15.5105
63152,-16.0138
63184,-18.3794
63216,-18.1013
63240,-18.1343
63280,-18.8219
63312,-20.1946
63344,-19.9728
63376,-21.4127
63408,-21.7809
63440,-20.5611
63472,-20.5314
63512,-21.5404
63544,-22.5584
63576,-21.1056
63608,-21.5887
63640,-21.4739
63680,-21.1065
63712,-18.5622
63744,-20.0879
63768,-18.5113
63800,-17.7494
63832,-16.7668
63864,-17.7513
63896,-18.2596
63928,-18.4492
63960,-18.5943
63992,-16.9876
64024,-16.1718
64048,-13.6525
64080,-15.6961
64112,-16.3342
64144,-16.7803
64176,-16.8869
64216,-18.9056
64248,-17.647
64280,-17.3832
64320,-17.7721
64352,-18.0446
64384,-16.6553
64424,-17.4019
64456,-16.1012
64488,-16.2834
64520,-16.1315
64544,-15.8239
64576,-15.8375
64600,-17.1283
64632,-16.3458
64664,-16.3698
64696,-18.058
64728,-15.9819
64760,-14.9185
64792,-16.8652
64824,-17.5188
64856,-18.4679
64888,-20.5805
64920,-21.3553
64952,-18.6726
64984,-18.3125
65016,-14.8462
65048,-13.7659
65072,-12.3191
65104,-14.0025
65136,-12.3312
65160,-12.975
65184,-13.0069
65216,-13.7666
65240,-11.7307
65272,-12.0964
65296,-11.921
65328,-11.4764
65352,-10.7879
65376,-12.5264
65400,-11.1006
65432,-11.0082
65456,-9.4252
65488,-11.2054
65512,-10.0293
65544,-13.0287
65576,-14.5757
65608,-17.2158
65640,-17.2303
65672,-18.3475
65704,-17.837
65736,-16.4158
65768,-15.0904
65800,-14.6236
65832,-13.5634
65864,-12.9714
65896,-13.6792
65928,-14.0254
65960,-13.5927
65984,-12.9711
66016,-13.1979
66048,-14.2997
66080,-15.0866
66112,-15.6506
66144,-18.1265
66168,-19.4396
66200,-19.4654
66232,-19.7989
66264,-18.9145
66296,-18.5042
66328,-18.1427
66360,-17.9279
66392,-18.3151
66416,-18.069
66448,-18.537
66472,-16.6865
66496,-14.555
66520,-12.5582
66552,-14.4566
66576,-12.7108
66608,-13.8509
66632,-14.1352
66664,-14.6746
66696,-13.686
66720,-14.7789
66752,-15.8724
66792,-17.5204
66824,-17.8802
66856,-17.2671
66888,-17.092
66920,-16.611
66952,-17.1681
66984,-17.1646
67008,-15.936
67040,-15.572
67072,-15.4907
67096,-13.052
67128,-12.2225
67160,-13.043
67184,-11.6079
67216,-11.931
67248,-13.2991
67280,-13.4846
67304,-13.1799
67336,-14.6562
67368,-14.3942
67392,-14.6601
67416,-14.0582
67440,-14.1169
67472,-13.6483
67504,-13.6487
67528,-12.4805
67560,-13.9501
67592,-14.2383
67624,-14.7912
67648,-13.1344
67672,-12.9925
67704,-12.5133
67736,-13.9263
67768,-13.0173
67800,-14.1986
67832,-14.6041
67864,-14.5672
67896,-12.6713
67928,-14.5559
67960,-14.3565
67992,-15.2692
68024,-15.0666
68056,-16.9182
68088,-14.5111
68120,-14.801
68152,-14.1982
68184,-14.3459
68216,-14.6683
68248,-17.2629
68280,-16.5739
68312,-17.5191
68344,-18.3921
68368,-15.3491
68400,-13.6629
68432,-13.1758
68464,-12.5053
68496,-11.5949
68520,-11.8202
68552,-12.1877
68584,-13.6397
68616,-13.6922
68648,-14.1464
68680,-17.4583
68712,-19.1167
68744,-18.7714
68776,-18.263
68808,-19.1479
68840,-16.8363
68864,-14.8184
68896,-14.8072
68928,-15.6948
68968,-15.8093
69000,-16.3945
69032,-17.1889
69056,-15.9188
69088,-14.9056
69120,-13.2951
69152,-13.3553
69192,-14.6805
69224,-14.4395
69256,-14.8658
69288,-14.3565
69320,-15.4019
69344,-12.8488
69376,-14.8582
69408,-15.9608
69440,-17.4451
69472,-17.039
69496,-17.0598
69528,-17.007
69552,-13.8322
69584,-12.3328
69608,-9.5082
69632,-9.2787
69664,-9.1786
69696,-11.2581
69728,-11.1095
69752,-13.2186
69784,-13.5584
69808,-11.9081
69840,-11.616
69872,-12.0393
69904,-12.8084
69936,-13.3526
69960,-12.8816
69992,-13.4719
70024,-12.7532
70048,-10.3455
70080,-10.7287
70112,-12.5471
70144,-12.5732
70168,-13.224
70200,-15.8201
70232,-16.0141
70264,-16.7959
70296,-17.2718
70328,-18.3189
70360,-17.1332
70384,-14.8265
70408,-12.6628
70440,-11.9321
70472,-10.8246
70504,-10.9775
70536,-14.1695
70568,-15.4288
70592,-14.2861
70624,-15.0975
70648,-14.9629
70672,-12.5478
70704,-11.3739
70728,-10.5459
70760,-11.219
70792,-13.0327
70824,-14.2977
70856,-15.8196
70888,-18.2815
70920,-17.891
70952,-16.3043
70984,-16.9869
71016,-17.4633
71048,-17.8502
71080,-19.2902
71112,-18.4957
71144,-18.2928
71176,-17.8056
71208,-17.6983
71240,-16.9246
71272,-17.9566
71296,-16.4585
71328,-16.2968
71360,-16.2804
71384,-13.751
71416,-14.5689
71456,-17.7992
71488,-17.8394
71520,-18.1062
71552,-20.2944
71584,-18.547
71616,-16.6673
71656,-18.6531
71688,-18.619
71728,-19.4295
71768,-22.4483
71808,-23.7671
71848,-23.3474
71880,-23.35
71912,-22.969
71944,-21.7428
71984,-21.0139
72032,-21.1775
72064,-20.449
72096,-20.3008
72128,-20.3194
72160,-19.6496
72192,-17.1721
72216,-14.5455
72240,-12.6641
72264,-11.7847
72296,-10.9601
72328,-11.0363
72360,-12.8009
72384,-12.5122
72416,-11.9329
72448,-11.468
72472,-9.1922
72504,-9.2318
72528,-9.8836
72560,-9.518
72584,-8.7835
72616,-10.9772
72640,-10.3559
72664,-8.9729
72688,-8.1666
72720,-8.6512
72752,-7.6239
72784,-7.8623
72816,-9.312
72848,-10.3122
72880,-12.0086
72912,-13.212
72936,-12.4358
72968,-12.1908
73000,-12.0289
73032,-11.0177
73064,-11.7462
73096,-13.8727
73128,-15.4167
73160,-16.4404
73192,-17.7539
73224,-17.3458
73264,-18.1597
73296,-18.4604
73328,-19.102
73360,-18.2755
73392,-18.9366
73432,-20.722
73472,-21.3396
73504,-20.1857
73536,-20.5657
73568,-19.8871
73608,-17.7199
73640,-16.479
73672,-16.2615
73704,-16.6804
73736,-16.5597
73768,-15.8797
73800,-13.9541
73832,-14.9647
73872,-15.3042
73912,-15.9783
73944,-16.338
73976,-18.8136
74016,-19.6108
74056,-20.1003
74088,-20.1131
74120,-20.4839
74160,-21.1256
74192,-22.0161
74224,-21.1535
74256,-20.4676
74288,-21.1397
74320,-19.1341
74352,-15.3962
74376,-12.2432
74400,-10.7405
74432,-8.9528
74464,-9.3443
74496,-10.6223
74528,-12.2197
74560,-12.6388
74592,-15.2282
74624,-16.844
74656,-17.1382
74688,-18.4482
74720,-19.3176
74752,-16.3933
74784,-13.9061
74816,-13.4083
74848,-13.3348
74880,-12.2848
74912,-13.1353
74944,-15.9843
74976,-16.8333
75000,-15.9774
75032,-16.5332
75064,-17.2568
75096,-15.8668
75128,-17.0825
75160,-18.13
75192,-19.5997
75224,-19.7964
75256,-20.239
75288,-19.0885
75320,-17.9638
75352,-19.5968
75384,-18.9817
75424,-19.4449
75456,-19.6187
75480,-19.1858
75512,-17.0354
75544,-17.5739
75584,-18.3458
75624,-19.8878
75656,-22.8207
75696,-24.0426
75736,-24.7122
75768,-22.9755
75800,-21.3929
75832,-19.9567
75872,-20.9039
75896,-17.5063
75928,-17.2154
75968,-18.6416
76008,-20.2063
76048,-18.9637
76080,-19.9322
76112,-20.663
76144,-19.264
76176,-19.0689
76216,-20.0114
76248,-21.2592
76272,-18.6054
76312,-20.8037
76344,-20.113
76376,-17.969
76416,-19.3556
76456,-24.5437
76488,-24.6629
76520,-25.372
76552,-26.0243
76592,-25.6545
76632,-24.3709
76664,-22.189
76696,-20.943
76728,-20.1483
76760,-19.2261
76792,-19.148
76824,-18.219
76864,-20.4416
76904,-22.0624
76944,-23.9087
76984,-22.6405
77024,-24.4908
77056,-22.4499
77088,-20.551
77120,-18.669
77144,-15.469
77168,-12.1157
77200,-11.0229
77224,-10.0559
77256,-9.2935
77288,-11.9856
77320,-15.2059
77352,-16.846
77384,-19.9018
77416,-19.5522
77448,-20.791
77472,-17.9868
77496,-14.7109
77528,-11.9814
77560,-13.4679
77592,-12.3106
77616,-13.3382
77640,-14.5077
77672,-16.9023
77696,-16.6048
77728,-18.3195
77760,-21.0056
77792,-22.0807
77824,-22.2188
77856,-23.9522
77888,-21.7364
77920,-18.5336
77952,-18.2609
77984,-17.252
78016,-15.0391
78048,-14.7675
78080,-16.7344
78112,-17.7703
78152,-18.6207
78184,-19.1273
78216,-19.6864
78256,-19.8815
78288,-19.4236
78320,-18.3816
78352,-17.3805
78384,-17.1619
78416,-15.6309
78448,-15.621
78480,-16.2913
78520,-18.212
78544,-16.5697
78576,-16.4765
78608,-16.7233
78640,-16.229
78672,-16.0767
78704,-19.1101
78736,-20.3328
78768,-21.0735
78800,-21.1828
78832,-21.5725
78872,-23.5213
78904,-23.3575
78944,-24.3248
78984,-26.299
79016,-25.2541
79048,-23.1254
79080,-23.6152
79112,-20.9969
79144,-18.7627
79176,-19.3478
79208,-17.0107
79240,-16.3581
79272,-17.3651
79304,-17.4157
79336,-16.6814
79376,-19.1871
79408,-18.0509
79440,-17.803
79472,-17.2305
79504,-16.1437
79536,-16.0633
79568,-18.0935
79600,-17.6392
79632,-19.0739
79664,-20.276
79696,-21.2585
79728,-21.179
79760,-22.4135
79792,-22.4846
79824,-21.9368
79856,-20.5465
79888,-20.5847
79920,-20.9595
79952,-19.5314
79976,-18.2498
80008,-17.5262
80040,-16.9868
80064,-14.5916
80096,-13.7796
80128,-14.0761
80152,-11.3302
80184,-9.2581
80208,-7.7065
8,-27.6723
64,-27.4543
112,-27.3397
160,-27.0787
208,-26.0402
256,-26.1471
304,-25.8752
352,-24.8314
392,-24.4838
440,-23.7063
480,-23.5607
520,-23.3935
560,-24.7396
608,-24.9752
648,-25.5653
696,-25.8649
744,-25.0208
784,-23.8482
832,-22.5169
872,-23.006
912,-23.4819
960,-24.3496
1008,-23.7098
1048,-24.7134
1096,-24.5132
1136,-23.2753
1176,-23.5219
1216,-24.4494
1264,-23.4325
1304,-23.8001
1360,-24.6212
1416,-25.6388
1472,-25.9733
1520,-27.5011
1568,-26.6499
1624,-26.4116
1672,-26.1145
1736,-26.377
1792,-26.3286
1840,-26.1614
1880,-26.3079
1928,-27.0019
1992,-27.9812
2056,-29.4492
2136,-30.2683
2192,-31.3374
2256,-30.7405
2320,-31.187
2392,-29.956
2448,-31.6673
2536,-31.6964
2600,-32.1775
2664,-31.0614
2720,-31.1859
2784,-30.5896
2840,-29.8954
2896,-29.0367
2952,-28.7466
3008,-27.7327
3048,-26.326
3096,-27.8541
3184,-27.4107
3240,-26.8513
3288,-27.635
3344,-28.0755
3392,-25.7514
3448,-25.3555
3496,-26.5801
3552,-27.0219
3616,-26.9706
3672,-28.2535
3736,-29.0696
3808,-28.4681
3864,-29.2745
3952,-30.7373
4048,-31.6836
4144,-32.702
4216,-33.2333
4272,-34.1697
4376,-34.1452
4456,-32.9645
4512,-32.8698
4584,-32.7698
4640,-32.5005
4712,-32.307
4792,-32.8003
4864,-31.3895
4920,-32.0559
4992,-31.5033
5064,-31.2952
5136,-31.3156
5216,-32.7773
5296,-32.345
5368,-32.0022
5456,-31.674
5528,-31.7356
5616,-31.0136
5680,-30.0581
5736,-28.5998
5784,-27.4593
5832,-27.3094
5904,-28.3173
5984,-29.6188
6056,-30.7028
6128,-32.312
6216,-32.2862
6296,-32.4686
6392,-32.2751
6472,-33.1233
6560,-33.0075
6648,-32.9182
6720,-32.2482
6800,-32.2019
6872,-31.8205
6944,-31.4985
7008,-31.5101
7080,-32.2036
7192,-32.724
7272,-32.1687
7336,-32.8963
7416,-33.1022
7472,-32.2014
7544,-32.3241
7616,-33.0297
7704,-33.2608
7808,-33.4124
7888,-33.9343
7976,-33.6879
8064,-33.0299
8144,-31.734
8208,-31.2306
8280,-30.1692
8344,-29.7962
8424,-30.4567
8496,-31.6417
8568,-32.3658
8656,-33.4532
8752,-33.0335
8816,-32.42
8880,-31.0567
8936,-30.0182
8992,-28.7626
9040,-28.8637
9096,-29.6969
9160,-30.6976
9224,-31.8411
9312,-33.1348
9408,-34.3363
9496,-33.9956
9568,-34.4853
9648,-33.4665
9712,-32.3357
9768,-30.8441
9824,-31.4121
9880,-30.4189
9944,-30.8648
10008,-30.3145
10056,-31.5343
10128,-31.2044
10184,-31.6676
10256,-31.1562
10312,-30.4152
10352,-27.3081
10392,-25.856
10432,-24.4051
10472,-23.3539
10512,-25.3259
10560,-27.7048
10608,-26.7215
10648,-26.6055
10688,-26.4357
10736,-24.914
10784,-24.533
10832,-25.4477
10880,-26.9527
10928,-28.8561
10984,-29.0688
11024,-29.029
11072,-29.562
11120,-28.8815
11168,-27.1409
11216,-27.5508
11264,-25.951
11304,-24.4049
11344,-22.9261
11384,-21.4233
11416,-19.8018
11456,-20.9518
11504,-22.035
11552,-22.2949
11592,-22.8883
11632,-23.4101
11672,-23.7633
11720,-23.3028
11768,-24.0221
11816,-25.9296
11872,-25.4317
11912,-24.793
11968,-24.7408
12016,-24.5605
12064,-23.9424
12112,-24.4639
12160,-25.1665
12216,-26.0345
12256,-25.8677
12304,-25.5761
12352,-25.8249
12392,-25.3461
12448,-24.8148
12496,-24.3038
12536,-24.8996
12584,-25.9462
12632,-25.2754
12672,-24.1571
12712,-23.4006
12752,-23.065
12792,-22.3027
12840,-22.8528
12880,-21.9468
12912,-22.3117
12952,-21.083
12992,-20.85
13032,-19.4551
13072,-21.0513
13120,-22.0868
13160,-22.8475
13208,-23.1763
13264,-24.3401
13312,-25.254
13360,-24.7019
13400,-24.0433
13440,-23.8979
13480,-23.1722
13520,-21.3877
13552,-21.4097
13592,-22.1104
13640,-20.9354
13680,-21.3696
13728,-22.1937
13768,-20.6566
13800,-20.4646
13840,-22.8138
13896,-24.3788
13944,-26.0548
14008,-27.9674
14056,-29.1716
14104,-28.1752
14144,-27.6145
14192,-25.7849
14232,-25.1122
14272,-23.9415
14312,-23.3791
14352,-22.8603
14400,-23.3962
14440,-24.063
14480,-24.7609
14528,-24.996
14568,-25.4969
14624,-25.2754
14664,-24.9338
14704,-24.0877
14744,-24.4965
14792,-23.3338
14832,-23.7154
14872,-23.5123
14912,-23.907
14952,-24.3275
15000,-25.1267
15040,-23.896
15080,-23.5124
15120,-24.2613
15168,-24.6149
15216,-23.9163
15248,-23.6906
15288,-23.545
15320,-21.6561
15352,-20.0128
15392,-18.9796
15424,-19.1548
15456,-18.9266
15496,-18.9495
15528,-19.2368
15560,-19.0692
15592,-19.0287
15624,-19.8749
15664,-20.7109
15704,-21.3502
15744,-22.8301
15784,-23.1754
15824,-23.6314
15864,-22.2282
15896,-22.1688
15936,-22.3169
15976,-22.2947
16016,-21.9099
16056,-23.7379
16096,-22.116
16128,-21.0655
16168,-21.8127
16208,-21.2157
16248,-21.2271
16288,-22.3589
16328,-23.1709
16368,-23.2619
16408,-24.9302
16448,-24.9434
16488,-25.2412
16536,-26.1392
16584,-25.8122
16624,-24.8443
16664,-23.8132
16704,-22.7623
16744,-23.0715
16784,-25.321
16832,-25.4392
16872,-26.6463
16912,-26.3448
16952,-25.4996
16992,-24.1021
17032,-24.0008
17064,-23.3837
17096,-23.3122
17128,-22.6693
17160,-20.3505
17192,-18.9216
17224,-19.7394
17264,-19.7
17296,-19.4478
17336,-21.1161
17368,-22.9017
17408,-23.3238
17448,-25.9277
17488,-27.3334
17528,-27.7761
17568,-28.1397
17608,-26.0543
17640,-23.1924
17672,-23.3038
17712,-22.0145
17744,-20.7462
17776,-20.8094
17808,-23.1557
17840,-22.7728
17872,-23.3156
17904,-25.0446
17944,-25.3866
17984,-25.898
18024,-25.659
18064,-24.9785
18096,-23.3772
18128,-23.8281
18160,-22.274
18200,-21.7354
18240,-22.4237
18280,-22.2473
18312,-23.8954
18352,-24.7221
18392,-23.7441
18424,-24.5655
18456,-26.2169
18496,-24.7437
18536,-25.5851
18584,-27.081
18632,-26.8018
18672,-25.6693
18704,-25.2761
18744,-22.8842
18776,-22.0098
18808,-20.9823
18848,-19.5774
18880,-19.461
18912,-20.1601
18944,-20.0046
18976,-18.3134
19000,-17.4741
19032,-17.0087
19064,-15.9314
19096,-14.721
19128,-14.9479
19160,-14.3289
19184,-14.3936
19216,-14.6863
19248,-15.5906
19280,-17.1698
19312,-19.2252
19344,-18.2846
19376,-18.347
19408,-17.2522
19440,-17.5763
19480,-18.1017
19520,-19.5353
19560,-21.518
19608,-22.5206
19640,-21.8913
19672,-20.303
19704,-20.1119
19736,-18.0339
19768,-18.9867
19800,-19.2535
19832,-22.1123
19864,-21.9516
19896,-21.2264
19928,-21.6429
19960,-22.496